{
    "status": 1,
    "message": "获取成功",
    "data": {
        "data": [
            {
                "custom_code": "12345678921",
                "custom_name": "张三",
                "org_code": "001",
                "shop_code": "001",
                "shop_name": "南京新街口店",
                "sex": 1,
                "berth_day": "1990-01-01",
                "age": 18,
                "custom_level_code": "001",
                "custom_level_name": "金卡",
                "tel": "18911112222",
                "interg": 1081,
                "money": 10810.00,
                "last_day": "2016-01-01"
            },
            {
                "custom_code": "12345678922",
                "custom_name": "张三",
                "org_code": "001",
                "shop_code": "001",
                "shop_name": "南京新街口店",
                "sex": 1,
                "berth_day": "1990-01-01",
                "age": 18,
                "custom_level_code": "001",
                "custom_level_name": "金卡",
                "tel": "18911112222",
                "interg": 1081,
                "money": 10810.00,
                "last_day": "2016-01-01"
            },
            {
                "custom_code": "12345678923",
                "custom_name": "张三",
                "org_code": "001",
                "shop_code": "001",
                "shop_name": "南京新街口店",
                "sex": 1,
                "berth_day": "1990-01-01",
                "age": 18,
                "custom_level_code": "001",
                "custom_level_name": "金卡",
                "tel": "18911112222",
                "interg": 1081,
                "money": 10810.00,
                "last_day": "2016-01-01"
            },
            {
                "custom_code": "12345678924",
                "custom_name": "张三",
                "org_code": "001",
                "shop_code": "001",
                "shop_name": "南京新街口店",
                "sex": 1,
                "berth_day": "1990-01-01",
                "age": 18,
                "custom_level_code": "001",
                "custom_level_name": "金卡",
                "tel": "18911112222",
                "interg": 1081,
                "money": 10810.00,
                "last_day": "2016-01-01"
            },
            {
                "custom_code": "12345678925",
                "custom_name": "张三",
                "org_code": "001",
                "shop_code": "001",
                "shop_name": "南京新街口店",
                "sex": 1,
                "berth_day": "1990-01-01",
                "age": 18,
                "custom_level_code": "001",
                "custom_level_name": "金卡",
                "tel": "18911112222",
                "interg": 1081,
                "money": 10810.00,
                "last_day": "2016-01-01"
            },
            {
                "custom_code": "12345678926",
                "custom_name": "张三",
                "org_code": "001",
                "shop_code": "001",
                "shop_name": "南京新街口店",
                "sex": 1,
                "berth_day": "1990-01-01",
                "age": 18,
                "custom_level_code": "001",
                "custom_level_name": "金卡",
                "tel": "18911112222",
                "interg": 1081,
                "money": 10810.00,
                "last_day": "2016-01-01"
            },
            {
                "custom_code": "12345678927",
                "custom_name": "张三",
                "org_code": "001",
                "shop_code": "001",
                "shop_name": "南京新街口店",
                "sex": 1,
                "berth_day": "1990-01-01",
                "age": 18,
                "custom_level_code": "001",
                "custom_level_name": "金卡",
                "tel": "18911112222",
                "interg": 1081,
                "money": 10810.00,
                "last_day": "2016-01-01"
            },
            {
                "custom_code": "12345678928",
                "custom_name": "张三",
                "org_code": "001",
                "shop_code": "001",
                "shop_name": "南京新街口店",
                "sex": 1,
                "berth_day": "1990-01-01",
                "age": 18,
                "custom_level_code": "001",
                "custom_level_name": "金卡",
                "tel": "18911112222",
                "interg": 1081,
                "money": 10810.00,
                "last_day": "2016-01-01"
            },
            {
                "custom_code": "12345678929",
                "custom_name": "张三",
                "org_code": "001",
                "shop_code": "001",
                "shop_name": "南京新街口店",
                "sex": 1,
                "berth_day": "1990-01-01",
                "age": 18,
                "custom_level_code": "001",
                "custom_level_name": "金卡",
                "tel": "18911112222",
                "interg": 1081,
                "money": 10810.00,
                "last_day": "2016-01-01"
            },
            {
                "custom_code": "12345678920",
                "custom_name": "张三",
                "org_code": "001",
                "shop_code": "001",
                "shop_name": "南京新街口店",
                "sex": 1,
                "berth_day": "1990-01-01",
                "age": 18,
                "custom_level_code": "001",
                "custom_level_name": "金卡",
                "tel": "18911112222",
                "interg": 1081,
                "money": 10810.00,
                "last_day": "2016-01-01"
            }
        ],
        "page":{
            "total_num":1000,
            "total_page":100,
            "page_size":10,
            "page_no":1
        },
        "filter":{
            
        }
    }
}