{
    "status": 1,
    "message": "success",
    "data": {
        "user_id": "1",
        "role_id": "1",
        "user_code": "admin",
        "special_code": "",
        "login_type": "0",
        "p_code": "",
        "shop_code": "",
        "org_code": "000",
        "user_name": "admin",
        "password": "5eeab10287d949453b8e403c04675d8f",
        "style": "",
        "status": "1",
        "create_mode": "1",
        "init_password": "0",
        "department_code": "000",
        "position_code": "",
        "type": "0",
        "rebate": "1.000",
        "sex": "0",
        "birthday": "2000-01-01",
        "phone": "",
        "tel": "",
        "email": "",
        "address": "",
        "province": "",
        "city": "",
        "is_salesman": "1",
        "is_customer": "0",
        "is_clerk": "1",
        "is_manage": "0",
        "is_work": "1",
        "is_login": "1",
        "last_login_time": "0000-00-00 00:00:00",
        "last_login_ip": "",
        "sys": "1",
        "weixin_id": "",
        "favorites": "",
        "remark": "",
        "lat": "",
        "lng": "",
        "update_location_time": "0000-00-00 00:00:00",
        "lastchanged": "2016-11-05 14:13:10",
        "trd_id": "",
        "trd_type": "",
        "trd_time": "",
        "district": "0",
        "fave_list": [],
        "role_name": "manage",
        "purview": "1,2,3"
    }
}