{"status": 1,"message": "\u83b7\u53d6\u6210\u529f","data": [
    { "purview_id": "1","parent_id": "0","name": "环境","url": "","type": "1","sql_order": "3","sql_show": "1","status": "1", "child": [ 
        {"purview_id": "101","parent_id": "1","name": "node.js","url": "","type": "1","sql_order": "3","sql_show": "1","status": "1","child": [ 
            {"purview_id": "10101","parent_id": "101","name": "nodeJS","url": "\/doc\/node\/node","type": "1","sql_order": "3","sql_show": "1","status": "1"},
            {"purview_id": "10102","parent_id": "101","name": "bower","url": "\/doc\/node\/bower","type": "1","sql_order": "3","sql_show": "1","status": "1"}, 
            {"purview_id": "10103","parent_id": "101","name": "gulp","url": "\/doc\/node\/gulp","type": "1","sql_order": "3","sql_show": "1","status": "1"}, 
            {"purview_id": "10104","parent_id": "101","name": "cnpm","url": "\/doc\/node\/cnpm","type": "1","sql_order": "3","sql_show": "1","status": "1"} 
        ]}, 
        { "purview_id": "102", "parent_id": "1", "name": "后台服务", "url": "", "type": "1", "sql_order": "3", "sql_show": "1", "status": "1", "child": [
            {"purview_id": "10201","parent_id": "102","name": "wamp","url": "\/doc\/api\/php","type": "1","sql_order": "3","sql_show": "1","status": "1" }, 
            {"purview_id": "10201","parent_id": "102","name": "express","url": "\/doc\/api\/express","type": "1","sql_order": "3","sql_show": "1","status": "1" }
        ]}
    ]},
    { "purview_id": "2","parent_id": "0","name": "安装","url": "","type": "1","sql_order": "3","sql_show": "1","status": "1", "child": [ 
        {"purview_id": "201","parent_id": "2","name": "安装","url": "","type": "1","sql_order": "3","sql_show": "1","status": "1","child": [ 
            {"purview_id": "20101","parent_id": "201","name": "git方式","url": "\/doc\/install\/git","type": "1","sql_order": "3","sql_show": "1","status": "1"},
            {"purview_id": "20102","parent_id": "201","name": "完整压缩包下载","url": "\/doc\/install\/download","type": "1","sql_order": "3","sql_show": "1","status": "1"}
            
        ]}, 
        { "purview_id": "202", "parent_id": "2", "name": "目录结构", "url": "", "type": "1", "sql_order": "3", "sql_show": "1", "status": "1", "child": [
            {"purview_id": "20201","parent_id": "202","name": "框架目录","url": "\/doc\/path\/frame","type": "1","sql_order": "3","sql_show": "1","status": "1" }, 
            {"purview_id": "20202","parent_id": "202","name": "项目代码目录","url": "\/doc\/path\/source","type": "1","sql_order": "3","sql_show": "1","status": "1" }
        ]},
        { "purview_id": "203", "parent_id": "2", "name": "系统配置", "url": "", "type": "1", "sql_order": "3", "sql_show": "1", "status": "1", "child": [
            {"purview_id": "20301","parent_id": "203","name": "站点访问目录","url": "\/doc\/conf\/website","type": "1","sql_order": "3","sql_show": "1","status": "1" }, 
            {"purview_id": "20302","parent_id": "203","name": "配置文件说明","url": "\/doc\/conf\/explain","type": "1","sql_order": "3","sql_show": "1","status": "1" },
            {"purview_id": "20303","parent_id": "203","name": "调试","url": "\/doc\/conf\/debug","type": "1","sql_order": "3","sql_show": "1","status": "1" }
        ]}
    ]},
    { "purview_id": "3","parent_id": "0","name": "框架","url": "","type": "1","sql_order": "3","sql_show": "1","status": "1", "child": [ 
        {"purview_id": "301","parent_id": "3","name": "路由","url": "","type": "1","sql_order": "3","sql_show": "1","status": "1","child": [ 
            {"purview_id": "30101","parent_id": "301","name": "入口","url": "\/doc\/route\/entry","type": "1","sql_order": "3","sql_show": "1","status": "1"},
            {"purview_id": "30102","parent_id": "301","name": "路由设置","url": "\/doc\/route\/conf","type": "1","sql_order": "3","sql_show": "1","status": "1"}
            
        ]}, 
        { "purview_id": "302", "parent_id": "3", "name": "MVC", "url": "", "type": "1", "sql_order": "3", "sql_show": "1", "status": "1", "child": [
            {"purview_id": "30201","parent_id": "302","name": "控制器","url": "\/doc\/mvc\/controller","type": "1","sql_order": "3","sql_show": "1","status": "1" }, 
            {"purview_id": "30202","parent_id": "302","name": "页面模板","url": "\/doc\/mvc\/view","type": "1","sql_order": "3","sql_show": "1","status": "1" },
            {"purview_id": "30203","parent_id": "302","name": "模型","url": "\/doc\/mvc\/model","type": "1","sql_order": "3","sql_show": "1","status": "1" }
        ]},
        { "purview_id": "303", "parent_id": "3", "name": "自定义服务", "url": "", "type": "1", "sql_order": "3", "sql_show": "1", "status": "1", "child": [
            {"purview_id": "30301","parent_id": "303","name": "服务","url": "\/doc\/def\/service","type": "1","sql_order": "3","sql_show": "1","status": "1" }, 
            {"purview_id": "30302","parent_id": "303","name": "过滤器","url": "\/doc\/def\/filter","type": "1","sql_order": "3","sql_show": "1","status": "1" },
            {"purview_id": "30303","parent_id": "303","name": "指令","url": "\/doc\/def\/directive","type": "1","sql_order": "3","sql_show": "1","status": "1" },
            {"purview_id": "30304","parent_id": "303","name": "语言包","url": "\/doc\/def\/language","type": "1","sql_order": "3","sql_show": "1","status": "1" },
            {"purview_id": "30305","parent_id": "303","name": "API规范","url": "\/doc\/def\/api","type": "1","sql_order": "3","sql_show": "1","status": "1" },
            {"purview_id": "30306","parent_id": "303","name": "本地数据","url": "\/doc\/def\/local","type": "1","sql_order": "3","sql_show": "1","status": "1" }
        ]}
    ]},
    { "purview_id": "4","parent_id": "0","name": "工具","url": "","type": "1","sql_order": "3","sql_show": "1","status": "1", "child": [ 
        {"purview_id": "401","parent_id": "4","name": "代码自助生成","url": "","type": "1","sql_order": "3","sql_show": "1","status": "1","child": [ 
            {"purview_id": "40101","parent_id": "401","name": "空白页","url": "\/doc\/auto\/empty","type": "1","sql_order": "3","sql_show": "1","status": "1"},
            {"purview_id": "40102","parent_id": "401","name": "列表页","url": "\/doc\/auto\/list","type": "1","sql_order": "3","sql_show": "1","status": "1"},
            {"purview_id": "40103","parent_id": "401","name": "新增页","url": "\/doc\/auto\/add","type": "1","sql_order": "3","sql_show": "1","status": "1"},
            {"purview_id": "40104","parent_id": "401","name": "查看编辑页","url": "\/doc\/auto\/view","type": "1","sql_order": "3","sql_show": "1","status": "1"}
            
        ]}, 
        { "purview_id": "402", "parent_id": "4", "name": "自定义控件", "url": "", "type": "1", "sql_order": "3", "sql_show": "1", "status": "1", "child": [
            {"purview_id": "40201","parent_id": "402","name": "第三方库依赖管理","url": "\/doc\/widget\/depend","type": "1","sql_order": "3","sql_show": "1","status": "1" }, 
            {"purview_id": "40202","parent_id": "402","name": "弹框控件","url": "\/doc\/widget\/dialog","type": "1","sql_order": "3","sql_show": "1","status": "1" },
            {"purview_id": "40203","parent_id": "402","name": "警告提示确认控件","url": "\/doc\/widget\/alert","type": "1","sql_order": "3","sql_show": "1","status": "1" },
            {"purview_id": "40204","parent_id": "402","name": "拾色器控件","url": "\/doc\/widget\/colorpicker","type": "1","sql_order": "3","sql_show": "1","status": "1" }, 
            {"purview_id": "40205","parent_id": "402","name": "可视化编辑器控件","url": "\/doc\/widget\/wysiwyg","type": "1","sql_order": "3","sql_show": "1","status": "1" },
            {"purview_id": "40206","parent_id": "402","name": "分页控件","url": "\/doc\/widget\/pager","type": "1","sql_order": "3","sql_show": "1","status": "1" },
            {"purview_id": "40207","parent_id": "402","name": "单选选择器","url": "\/doc\/widget\/selectsingle","type": "1","sql_order": "3","sql_show": "1","status": "1" }, 
            {"purview_id": "40208","parent_id": "402","name": "多选选择器","url": "\/doc\/widget\/selectmulti","type": "1","sql_order": "3","sql_show": "1","status": "1" },
            {"purview_id": "40209","parent_id": "402","name": "省市区联动","url": "\/doc\/widget\/selectarea","type": "1","sql_order": "3","sql_show": "1","status": "1" },
            {"purview_id": "40210","parent_id": "402","name": "日历选择器","url": "\/doc\/widget\/selectdate","type": "1","sql_order": "3","sql_show": "1","status": "1" }, 
            {"purview_id": "40211","parent_id": "402","name": "上传图片","url": "\/doc\/widget\/uploadpicture","type": "1","sql_order": "3","sql_show": "1","status": "1" },
            {"purview_id": "40212","parent_id": "402","name": "导入导出excel","url": "\/doc\/widget\/excel","type": "1","sql_order": "3","sql_show": "1","status": "1" },
            {"purview_id": "40213","parent_id": "402","name": "流程图编辑器","url": "\/doc\/widget\/draw2d","type": "1","sql_order": "3","sql_show": "1","status": "1" }
        ]},
        { "purview_id": "403", "parent_id": "4", "name": "发布脚本", "url": "", "type": "1", "sql_order": "3", "sql_show": "1", "status": "1", "child": [
            {"purview_id": "40301","parent_id": "403","name": "静态检查","url": "\/doc\/gulp\/check","type": "1","sql_order": "3","sql_show": "1","status": "1" }, 
            {"purview_id": "40302","parent_id": "403","name": "压缩合并混淆","url": "\/doc\/gulp\/build","type": "1","sql_order": "3","sql_show": "1","status": "1" }
        ]},
        { "purview_id": "404", "parent_id": "4", "name": "端打包工具", "url": "", "type": "1", "sql_order": "3", "sql_show": "1", "status": "1", "child": [
            {"purview_id": "40401","parent_id": "404","name": "electron","url": "\/doc\/package\/electron","type": "1","sql_order": "3","sql_show": "1","status": "1" }, 
            {"purview_id": "40402","parent_id": "404","name": "NW.js","url": "\/doc\/package\/nwjs","type": "1","sql_order": "3","sql_show": "1","status": "1" },
            {"purview_id": "40403","parent_id": "404","name": "ApiCloud","url": "\/doc\/package\/apicloud","type": "1","sql_order": "3","sql_show": "1","status": "1" }, 
            {"purview_id": "40404","parent_id": "404","name": "Cordova","url": "\/doc\/package\/cordova","type": "1","sql_order": "3","sql_show": "1","status": "1" }
        ]}
    ]},
    { "purview_id": "5","parent_id": "0","name": "样例","url": "","type": "1","sql_order": "3","sql_show": "1","status": "1", "child": [ 
        {"purview_id": "501","parent_id": "5","name": "TODO1","url": "","type": "1","sql_order": "3","sql_show": "1","status": "1","child": [ 
            {"purview_id": "50101","parent_id": "501","name": "TODO1.1","url": "\/demo\/","type": "1","sql_order": "3","sql_show": "1","status": "1"},
            {"purview_id": "50102","parent_id": "501","name": "TODO1.2","url": "\/demo\/","type": "1","sql_order": "3","sql_show": "1","status": "1"},
            {"purview_id": "50103","parent_id": "501","name": "TODO1.3","url": "\/demo\/","type": "1","sql_order": "3","sql_show": "1","status": "1"}            
        ]}, 
        { "purview_id": "502", "parent_id": "5", "name": "TODO2", "url": "", "type": "1", "sql_order": "3", "sql_show": "1", "status": "1", "child": [
            {"purview_id": "50201","parent_id": "502","name": "TODO2.1","url": "\/demo\/","type": "1","sql_order": "3","sql_show": "1","status": "1" }, 
            {"purview_id": "50202","parent_id": "502","name": "TODO2.2","url": "\/demo\/","type": "1","sql_order": "3","sql_show": "1","status": "1" }
        ]},
        { "purview_id": "503", "parent_id": "5", "name": "参考文档", "url": "", "type": "1", "sql_order": "3", "sql_show": "1", "status": "1", "child": [
            {"purview_id": "50301","parent_id": "503","name": "参考文档","url": "\/doc\/refer\/list","type": "1","sql_order": "3","sql_show": "1","status": "1" }
        ]}
    ]}
    
]}